﻿<?xml version="1.0" encoding="utf-8"?>
<SAP-Report xmlns:xsi="http://www.w3.org/2001/XMLSchema-instance" xsi:schemaLocation="http://www.epcregister.com/xsd/sap https://uat.epcregister.com/xsd/SAP/Templates/SAP-Report.xsd" xmlns="http://www.epcregister.com/xsd/sap">
  <Schema-Version-Original>LIG-17.0</Schema-Version-Original>
  <SAP-Version>9.92</SAP-Version>
  <SAP-Data-Version>9.81</SAP-Data-Version>
  <PCDF-Revision-Number>427</PCDF-Revision-Number>
  <Calculation-Software-Name>Elmhurst Sap 2012 Desktop</Calculation-Software-Name>
  <Calculation-Software-Version>1.21r03</Calculation-Software-Version>
  <Report-Header>
    <RRN>8118-6236-4620-9316-2922</RRN>
    <Inspection-Date>2018-06-26</Inspection-Date>
    <Report-Type>3</Report-Type>
    <Completion-Date>2018-06-26</Completion-Date>
    <Registration-Date>2018-06-26</Registration-Date>
    <Status>entered</Status>
    <Language-Code>1</Language-Code>
    <Tenure>ND</Tenure>
    <Transaction-Type>6</Transaction-Type>
    <Seller-Commission-Report>Y</Seller-Commission-Report>
    <Property-Type>2</Property-Type>
    <Home-Inspector>
      <Name>New Build</Name>
      <Notify-Lodgement>Y</Notify-Lodgement>
      <Contact-Address>
        <Address-Line-1>123 Street</Address-Line-1>
        <Address-Line-2>Locality</Address-Line-2>
        <Address-Line-3>County</Address-Line-3>
        <Post-Town>Town</Post-Town>
        <Postcode>LE17 4HB</Postcode>
      </Contact-Address>
      <Web-Site>www.elmhurstenergy.co.uk</Web-Site>
      <E-Mail>testteam.surveyor@elmhurstenergy.co.uk</E-Mail>
      <Fax>03333 333333</Fax>
      <Telephone>01788 11111</Telephone>
      <Company-Name>Elmhurst Test Team Customer</Company-Name>
      <Scheme-Name>Elmhurst Energy Systems Ltd</Scheme-Name>
      <Scheme-Web-Site>www.elmhurstenergy.co.uk</Scheme-Web-Site>
      <Identification-Number>
        <Certificate-Number>EES/090010</Certificate-Number>
      </Identification-Number>
    </Home-Inspector>
    <Property>
      <Address>
        <Address-Line-1>63, Whitehill Road</Address-Line-1>
        <Address-Line-2>Ellistown</Address-Line-2>
        <Address-Line-3></Address-Line-3>
        <Post-Town>COALVILLE</Post-Town>
        <Postcode>LE67 1EN</Postcode>
      </Address>
      <UPRN>1926223468</UPRN>
    </Property>
    <Region-Code>6</Region-Code>
    <Country-Code>ENG</Country-Code>
    <Related-Party-Disclosure>
      <Related-Party-Disclosure-Number>1</Related-Party-Disclosure-Number>
    </Related-Party-Disclosure>
  </Report-Header>
  <Energy-Assessment>
    <Assessment-Date>2018-06-26</Assessment-Date>
    <Property-Summary>
      <Walls>
        <Description>Average thermal transmittance 0.21 W/m²K</Description>
        <Energy-Efficiency-Rating>5</Energy-Efficiency-Rating>
        <Environmental-Efficiency-Rating>5</Environmental-Efficiency-Rating>
      </Walls>
      <Roof>
        <Description>Average thermal transmittance 0.02 W/m²K</Description>
        <Energy-Efficiency-Rating>5</Energy-Efficiency-Rating>
        <Environmental-Efficiency-Rating>5</Environmental-Efficiency-Rating>
      </Roof>
      <Floor>
        <Description>(other premises below)</Description>
        <Energy-Efficiency-Rating>0</Energy-Efficiency-Rating>
        <Environmental-Efficiency-Rating>0</Environmental-Efficiency-Rating>
      </Floor>
      <Windows>
        <Description>High performance glazing</Description>
        <Energy-Efficiency-Rating>5</Energy-Efficiency-Rating>
        <Environmental-Efficiency-Rating>5</Environmental-Efficiency-Rating>
      </Windows>
      <Main-Heating>
        <Description>Air source heat pump, radiators, electric</Description>
        <Energy-Efficiency-Rating>2</Energy-Efficiency-Rating>
        <Environmental-Efficiency-Rating>4</Environmental-Efficiency-Rating>
      </Main-Heating>
      <Main-Heating-Controls>
        <Description>Programmer and at least two room thermostats</Description>
        <Energy-Efficiency-Rating>4</Energy-Efficiency-Rating>
        <Environmental-Efficiency-Rating>4</Environmental-Efficiency-Rating>
      </Main-Heating-Controls>
      <Secondary-Heating>
        <Description>Room heaters, electric</Description>
        <Energy-Efficiency-Rating>0</Energy-Efficiency-Rating>
        <Environmental-Efficiency-Rating>0</Environmental-Efficiency-Rating>
      </Secondary-Heating>
      <Hot-Water>
        <Description>From main system</Description>
        <Energy-Efficiency-Rating>3</Energy-Efficiency-Rating>
        <Environmental-Efficiency-Rating>4</Environmental-Efficiency-Rating>
      </Hot-Water>
      <Lighting>
        <Description>Low energy lighting in 75% of fixed outlets</Description>
        <Energy-Efficiency-Rating>5</Energy-Efficiency-Rating>
        <Environmental-Efficiency-Rating>5</Environmental-Efficiency-Rating>
      </Lighting>
      <Air-Tightness>
        <Description>Air permeability 4.9 m³/h.m² (as tested)</Description>
        <Energy-Efficiency-Rating>4</Energy-Efficiency-Rating>
        <Environmental-Efficiency-Rating>4</Environmental-Efficiency-Rating>
      </Air-Tightness>
      <Has-Fixed-Air-Conditioning>false</Has-Fixed-Air-Conditioning>
      <Has-Hot-Water-Cylinder>true</Has-Hot-Water-Cylinder>
      <Has-Heated-Separate-Conservatory>false</Has-Heated-Separate-Conservatory>
      <Dwelling-Type>Mid-floor flat</Dwelling-Type>
      <Total-Floor-Area>81</Total-Floor-Area>
      <Multiple-Glazed-Percentage>100</Multiple-Glazed-Percentage>
    </Property-Summary>
    <Energy-Use>
      <Energy-Rating-Average>60</Energy-Rating-Average>
      <Energy-Rating-Current>90</Energy-Rating-Current>
      <Energy-Rating-Potential>90</Energy-Rating-Potential>
      <Environmental-Impact-Current>92</Environmental-Impact-Current>
      <Environmental-Impact-Potential>92</Environmental-Impact-Potential>
      <Energy-Consumption-Current>57</Energy-Consumption-Current>
      <Energy-Consumption-Potential>57</Energy-Consumption-Potential>
      <CO2-Emissions-Current>0.8</CO2-Emissions-Current>
      <CO2-Emissions-Potential>0.8</CO2-Emissions-Potential>
      <CO2-Emissions-Current-Per-Floor-Area>10</CO2-Emissions-Current-Per-Floor-Area>
      <Lighting-Cost-Current currency="GBP">85</Lighting-Cost-Current>
      <Lighting-Cost-Potential currency="GBP">85</Lighting-Cost-Potential>
      <Heating-Cost-Current currency="GBP">105</Heating-Cost-Current>
      <Heating-Cost-Potential currency="GBP">105</Heating-Cost-Potential>
      <Hot-Water-Cost-Current currency="GBP">195</Hot-Water-Cost-Current>
      <Hot-Water-Cost-Potential currency="GBP">195</Hot-Water-Cost-Potential>
    </Energy-Use>
    <LZC-Energy-Sources>
      <LZC-Energy-Source>9</LZC-Energy-Source>
    </LZC-Energy-Sources>
    <Renewable-Heat-Incentive>
      <RHI-New-Dwelling>
        <Space-Heating>813</Space-Heating>
        <Water-Heating>2151</Water-Heating>
      </RHI-New-Dwelling>
    </Renewable-Heat-Incentive>
  </Energy-Assessment>
  <SAP2012-Data>
    <Data-Type>2</Data-Type>
    <SAP-Property-Details>
      <Property-Type>2</Property-Type>
      <Built-Form>4</Built-Form>
      <Living-Area>18.84</Living-Area>
      <Orientation>1</Orientation>
      <Conservatory-Type>1</Conservatory-Type>
      <SAP-Special-Features>
        <SAP-Special-Feature>
          <Description>NIBE 205</Description>
          <Energy-Feature>
            <Energy-Saved-Or-Generated>766</Energy-Saved-Or-Generated>
            <Saved-Or-Generated-Fuel>39</Saved-Or-Generated-Fuel>
            <Energy-Used>0</Energy-Used>
          </Energy-Feature>
        </SAP-Special-Feature>
      </SAP-Special-Features>
      <Is-In-Smoke-Control-Area>unknown</Is-In-Smoke-Control-Area>
      <SAP-Flat-Details>
        <Level>2</Level>
      </SAP-Flat-Details>
      <SAP-Opening-Types>
        <SAP-Opening-Type>
          <Name>.</Name>
          <Description></Description>
          <Data-Source>2</Data-Source>
          <Type>2</Type>
          <Glazing-Type>7</Glazing-Type>
          <U-Value>2</U-Value>
        </SAP-Opening-Type>
        <SAP-Opening-Type>
          <Name>.</Name>
          <Description></Description>
          <Data-Source>2</Data-Source>
          <Type>4</Type>
          <Glazing-Type>7</Glazing-Type>
          <Solar-Transmittance>0.63</Solar-Transmittance>
          <Frame-Factor>0.7</Frame-Factor>
          <U-Value>1.2</U-Value>
        </SAP-Opening-Type>
      </SAP-Opening-Types>
      <SAP-Building-Parts>
        <SAP-Building-Part>
          <Building-Part-Number>1</Building-Part-Number>
          <Identifier>Main Dwelling</Identifier>
          <Construction-Year>2013</Construction-Year>
          <Overshading>2</Overshading>
          <SAP-Openings>
            <SAP-Opening>
              <Name>.</Name>
              <Type>.</Type>
              <Location>External Wall 1</Location>
              <Orientation>0</Orientation>
              <Width>2.14</Width>
              <Height>1</Height>
            </SAP-Opening>
            <SAP-Opening>
              <Name>.</Name>
              <Type>.</Type>
              <Location>External Wall 1</Location>
              <Orientation>1</Orientation>
              <Width>3.22</Width>
              <Height>1</Height>
            </SAP-Opening>
            <SAP-Opening>
              <Name>.</Name>
              <Type>.</Type>
              <Location>External Wall 1</Location>
              <Orientation>5</Orientation>
              <Width>7.21</Width>
              <Height>1</Height>
            </SAP-Opening>
          </SAP-Openings>
          <SAP-Floor-Dimensions>
            <SAP-Floor-Dimension>
              <Storey>1</Storey>
              <Description></Description>
              <Floor-Type>2</Floor-Type>
              <Total-Floor-Area>81.42</Total-Floor-Area>
              <Storey-Height>2.38</Storey-Height>
              <Heat-Loss-Area>81.42</Heat-Loss-Area>
              <U-Value>0</U-Value>
            </SAP-Floor-Dimension>
          </SAP-Floor-Dimensions>
          <SAP-Roofs>
            <SAP-Roof>
              <Name>Roof 1</Name>
              <Description></Description>
              <Roof-Type>2</Roof-Type>
              <Total-Roof-Area>69.26</Total-Roof-Area>
              <U-Value>0</U-Value>
            </SAP-Roof>
            <SAP-Roof>
              <Name>Roof 2</Name>
              <Description></Description>
              <Roof-Type>2</Roof-Type>
              <Total-Roof-Area>12.16</Total-Roof-Area>
              <U-Value>0.15</U-Value>
            </SAP-Roof>
          </SAP-Roofs>
          <SAP-Walls>
            <SAP-Wall>
              <Name>External Wall 1</Name>
              <Description></Description>
              <Wall-Type>2</Wall-Type>
              <Total-Wall-Area>35.6</Total-Wall-Area>
              <U-Value>0.21</U-Value>
              <Is-Curtain-Walling>false</Is-Curtain-Walling>
            </SAP-Wall>
          </SAP-Walls>
          <SAP-Thermal-Bridges>
            <Thermal-Bridge-Code>4</Thermal-Bridge-Code>
            <User-Defined-Y-Value>0.08</User-Defined-Y-Value>
            <Calculation-Reference>2006 regulations</Calculation-Reference>
          </SAP-Thermal-Bridges>
          <Thermal-Mass-Parameter>490</Thermal-Mass-Parameter>
        </SAP-Building-Part>
      </SAP-Building-Parts>
      <SAP-Ventilation>
        <Open-Fireplaces-Count>0</Open-Fireplaces-Count>
        <Open-Flues-Count>0</Open-Flues-Count>
        <Extract-Fans-Count>3</Extract-Fans-Count>
        <PSV-Count>0</PSV-Count>
        <Flueless-Gas-Fires-Count>0</Flueless-Gas-Fires-Count>
        <Pressure-Test>1</Pressure-Test>
        <Air-Permeability>4.94</Air-Permeability>
        <Sheltered-Sides-Count>2</Sheltered-Sides-Count>
        <Ventilation-Type>1</Ventilation-Type>
      </SAP-Ventilation>
      <SAP-Heating>
        <Main-Heating-Details>
          <Main-Heating>
            <Main-Heating-Number>1</Main-Heating-Number>
            <Main-Heating-Category>4</Main-Heating-Category>
            <Main-Heating-Fraction>1</Main-Heating-Fraction>
            <Main-Heating-Data-Source>3</Main-Heating-Data-Source>
            <Emitter-Temperature>2</Emitter-Temperature>
            <MCS-Installed-Heat-Pump>false</MCS-Installed-Heat-Pump>
            <Central-Heating-Pump-Age>2</Central-Heating-Pump-Age>
            <Main-Heating-Code>224</Main-Heating-Code>
            <Main-Fuel-Type>39</Main-Fuel-Type>
            <Main-Heating-Control>2205</Main-Heating-Control>
            <Heat-Emitter-Type>1</Heat-Emitter-Type>
            <Is-Central-Heating-Pump-In-Heated-Space>true</Is-Central-Heating-Pump-In-Heated-Space>
          </Main-Heating>
        </Main-Heating-Details>
        <Secondary-Heating-Category>10</Secondary-Heating-Category>
        <Secondary-Heating-Data-Source>3</Secondary-Heating-Data-Source>
        <Secondary-Fuel-Type>39</Secondary-Fuel-Type>
        <Secondary-Heating-Code>691</Secondary-Heating-Code>
        <Has-Fixed-Air-Conditioning>false</Has-Fixed-Air-Conditioning>
        <Water-Heating-Code>901</Water-Heating-Code>
        <Water-Fuel-Type>39</Water-Fuel-Type>
        <Has-Hot-Water-Cylinder>true</Has-Hot-Water-Cylinder>
        <Thermal-Store>1</Thermal-Store>
        <Hot-Water-Store-Size>240</Hot-Water-Store-Size>
        <Hot-Water-Store-Heat-Loss-Source>2</Hot-Water-Store-Heat-Loss-Source>
        <Hot-Water-Store-Heat-Loss>1.68</Hot-Water-Store-Heat-Loss>
        <Primary-Pipework-Insulation>4</Primary-Pipework-Insulation>
        <Has-Cylinder-Thermostat>true</Has-Cylinder-Thermostat>
        <Is-Cylinder-In-Heated-Space>true</Is-Cylinder-In-Heated-Space>
        <Is-Hot-Water-Separately-Timed>true</Is-Hot-Water-Separately-Timed>
      </SAP-Heating>
      <SAP-Energy-Source>
        <Wind-Turbines-Count>0</Wind-Turbines-Count>
        <Wind-Turbine-Terrain-Type>1</Wind-Turbine-Terrain-Type>
        <Fixed-Lighting-Outlets-Count>8</Fixed-Lighting-Outlets-Count>
        <Low-Energy-Fixed-Lighting-Outlets-Count>6</Low-Energy-Fixed-Lighting-Outlets-Count>
        <Low-Energy-Fixed-Lighting-Outlets-Percentage>75</Low-Energy-Fixed-Lighting-Outlets-Percentage>
        <Electricity-Tariff>2</Electricity-Tariff>
      </SAP-Energy-Source>
    </SAP-Property-Details>
  </SAP2012-Data>
  <PDF />
  <Insurance-Details>
    <Insurer>Lloyds of London</Insurer>
    <Policy-No>PIP15001599</Policy-No>
    <Effective-Date>2015-07-01</Effective-Date>
    <Expiry-Date>2016-06-30</Expiry-Date>
    <PI-Limit>5000000</PI-Limit>
  </Insurance-Details>
  <ExternalDefinitions-Revision-Number>4.6</ExternalDefinitions-Revision-Number>
</SAP-Report>