<?xml version="1.0" encoding="UTF-8"?>
<RdSAP-Report xmlns:xsi="http://www.w3.org/2001/XMLSchema-instance" xsi:schemaLocation="http://www.epcregister.com/xsd/rdsap https://www.epcregister.com/RequestServices/xsd/Messages/RdSAP-Report.xsd" xmlns="http://www.epcregister.com/xsd/rdsap">
	<Schema-Version-Original>LIG-18.0</Schema-Version-Original>
	<SAP-Version>9.93</SAP-Version>
	<PCDF-Revision-Number>422</PCDF-Revision-Number>
	<ExternalDefinitions-Revision-Number>6.0</ExternalDefinitions-Revision-Number>
	<Calculation-Software-Name>eTech SMART EPC engine</Calculation-Software-Name>
	<Calculation-Software-Version>2.0.x</Calculation-Software-Version>
	<User-Interface-Name>pimss4communities</User-Interface-Name>
	<User-Interface-Version>9.9.0.x</User-Interface-Version>
	<Report-Header>
		<RRN>0244-2833-6143-9298-5205</RRN>
		<Inspection-Date>2018-04-17</Inspection-Date>
		<Report-Type>2</Report-Type>
		<Completion-Date>2018-06-01</Completion-Date>
		<Registration-Date>2018-06-01</Registration-Date>
		<Status>entered</Status>
		<Language-Code>1</Language-Code>
		<Tenure>2</Tenure>
		<Transaction-Type>8</Transaction-Type>
		<Property-Type>2</Property-Type>
		<Energy-Assessor>
			<Name>Martyn Whyte</Name>
			<Notify-Lodgement>Y</Notify-Lodgement>
			<Contact-Address>
				<Address-Line-1>2</Address-Line-1>
				<Address-Line-2>HUSKISSON WAY</Address-Line-2>
				<Address-Line-3/>
				<Post-Town>SOLIHULL</Post-Town>
				<Postcode>B90 4SS</Postcode>
			</Contact-Address>
			<Web-Site/>
			<E-Mail>martyn.whyte@pimss.com</E-Mail>
			<Fax>3331231418</Fax>
			<Telephone>03331231418</Telephone>
			<Company-Name>Savills</Company-Name>
			<Scheme-Name>ECMK Ltd</Scheme-Name>
			<Scheme-Web-Site>www.ecmk.co.uk</Scheme-Web-Site>
			<Identification-Number>
				<Certificate-Number>ECMK300214</Certificate-Number>
			</Identification-Number>
		</Energy-Assessor>
		<Property>
			<Address>
				<Address-Line-1>128, Clyne Court</Address-Line-1>
				<Address-Line-2>Sketty</Address-Line-2>
				<Post-Town>SWANSEA</Post-Town>
				<Postcode>SA2 8HZ</Postcode>
			</Address>
			<UPRN>2431223468</UPRN>
		</Property>
		<Region-Code>12</Region-Code>
		<Country-Code>EAW</Country-Code>
		<Related-Party-Disclosure>
			<Related-Party-Disclosure-Number>1</Related-Party-Disclosure-Number>
		</Related-Party-Disclosure>
	</Report-Header>
	<Energy-Assessment>
		<Property-Summary>
			<Wall>
				<Description language="1">System built, with external insulation</Description>
				<Energy-Efficiency-Rating>4</Energy-Efficiency-Rating>
				<Environmental-Efficiency-Rating>4</Environmental-Efficiency-Rating>
			</Wall>
			<Roof>
				<Description language="1">Flat, limited insulation</Description>
				<Energy-Efficiency-Rating>1</Energy-Efficiency-Rating>
				<Environmental-Efficiency-Rating>1</Environmental-Efficiency-Rating>
			</Roof>
			<Floor>
				<Description language="1">(another dwelling below)</Description>
				<Energy-Efficiency-Rating>0</Energy-Efficiency-Rating>
				<Environmental-Efficiency-Rating>0</Environmental-Efficiency-Rating>
			</Floor>
			<Window>
				<Description language="1">Fully double glazed</Description>
				<Energy-Efficiency-Rating>4</Energy-Efficiency-Rating>
				<Environmental-Efficiency-Rating>4</Environmental-Efficiency-Rating>
			</Window>
			<Main-Heating>
				<Description language="1">Boiler and radiators, mains gas</Description>
				<Energy-Efficiency-Rating>4</Energy-Efficiency-Rating>
				<Environmental-Efficiency-Rating>4</Environmental-Efficiency-Rating>
			</Main-Heating>
			<Main-Heating-Controls>
				<Description language="1">Programmer, room thermostat and TRVs</Description>
				<Energy-Efficiency-Rating>4</Energy-Efficiency-Rating>
				<Environmental-Efficiency-Rating>4</Environmental-Efficiency-Rating>
			</Main-Heating-Controls>
			<Hot-Water>
				<Description language="1">From main system</Description>
				<Energy-Efficiency-Rating>4</Energy-Efficiency-Rating>
				<Environmental-Efficiency-Rating>4</Environmental-Efficiency-Rating>
			</Hot-Water>
			<Lighting>
				<Description language="1">Low energy lighting in 40% of fixed outlets</Description>
				<Energy-Efficiency-Rating>3</Energy-Efficiency-Rating>
				<Environmental-Efficiency-Rating>3</Environmental-Efficiency-Rating>
			</Lighting>
			<Secondary-Heating>
				<Description language="1">None</Description>
				<Energy-Efficiency-Rating>0</Energy-Efficiency-Rating>
				<Environmental-Efficiency-Rating>0</Environmental-Efficiency-Rating>
			</Secondary-Heating>
			<Has-Hot-Water-Cylinder>false</Has-Hot-Water-Cylinder>
			<Has-Heated-Separate-Conservatory>false</Has-Heated-Separate-Conservatory>
			<Dwelling-Type language="1">Top-floor flat</Dwelling-Type>
			<Total-Floor-Area>43</Total-Floor-Area>
			<Has-Fixed-Air-Conditioning>false</Has-Fixed-Air-Conditioning>
			<Multiple-Glazed-Proportion>100</Multiple-Glazed-Proportion>
		</Property-Summary>
		<Energy-Use>
			<Energy-Rating-Average>60</Energy-Rating-Average>
			<Energy-Rating-Current>62</Energy-Rating-Current>
			<Energy-Rating-Potential>63</Energy-Rating-Potential>
			<Environmental-Impact-Current>61</Environmental-Impact-Current>
			<Environmental-Impact-Potential>62</Environmental-Impact-Potential>
			<Energy-Consumption-Current>310</Energy-Consumption-Current>
			<Energy-Consumption-Potential>303</Energy-Consumption-Potential>
			<CO2-Emissions-Current>2.3</CO2-Emissions-Current>
			<CO2-Emissions-Potential>2.3</CO2-Emissions-Potential>
			<CO2-Emissions-Current-Per-Floor-Area>54</CO2-Emissions-Current-Per-Floor-Area>
			<Lighting-Cost-Current currency="GBP">52</Lighting-Cost-Current>
			<Lighting-Cost-Potential currency="GBP">33</Lighting-Cost-Potential>
			<Heating-Cost-Current currency="GBP">436</Heating-Cost-Current>
			<Heating-Cost-Potential currency="GBP">438</Heating-Cost-Potential>
			<Hot-Water-Cost-Current currency="GBP">80</Hot-Water-Cost-Current>
			<Hot-Water-Cost-Potential currency="GBP">80</Hot-Water-Cost-Potential>
		</Energy-Use>
		<Suggested-Improvements>
			<Improvement>
				<Sequence>1</Sequence>
				<Improvement-Category>5</Improvement-Category>
				<Green-Deal-Category>1</Green-Deal-Category>
				<Improvement-Type>E</Improvement-Type>
				<Improvement-Details>
					<Improvement-Number>35</Improvement-Number>
				</Improvement-Details>
				<Typical-Saving currency="GBP">17</Typical-Saving>
				<Indicative-Cost>£15</Indicative-Cost>
				<Energy-Performance-Rating>63</Energy-Performance-Rating>
				<Environmental-Impact-Rating>62</Environmental-Impact-Rating>
			</Improvement>
		</Suggested-Improvements>
		<Renewable-Heat-Incentive>
			<Space-Heating-Existing-Dwelling>5977</Space-Heating-Existing-Dwelling>
			<Water-Heating>1591</Water-Heating>
		</Renewable-Heat-Incentive>
	</Energy-Assessment>
	<SAP-Data>
		<SAP-Property-Details>
			<Property-Type>2</Property-Type>
			<Built-Form>2</Built-Form>
			<Extensions-Count>0</Extensions-Count>
			<Multiple-Glazed-Proportion>100</Multiple-Glazed-Proportion>
			<Multiple-Glazing-Type>2</Multiple-Glazing-Type>
			<Glazing-Gap>16+</Glazing-Gap>
			<Glazed-Area>1</Glazed-Area>
			<Door-Count>1</Door-Count>
			<Insulated-Door-Count>0</Insulated-Door-Count>
			<Percent-Draughtproofed>100</Percent-Draughtproofed>
			<Habitable-Room-Count>2</Habitable-Room-Count>
			<Heated-Room-Count>2</Heated-Room-Count>
			<Fixed-Lighting-Outlets-Count>5</Fixed-Lighting-Outlets-Count>
			<Low-Energy-Fixed-Lighting-Outlets-Count>2</Low-Energy-Fixed-Lighting-Outlets-Count>
			<Low-Energy-Lighting>40</Low-Energy-Lighting>
			<Measurement-Type>1</Measurement-Type>
			<Mechanical-Ventilation>2</Mechanical-Ventilation>
			<Open-Fireplaces-Count>0</Open-Fireplaces-Count>
			<Solar-Water-Heating>N</Solar-Water-Heating>
			<Conservatory-Type>1</Conservatory-Type>
			<SAP-Flat-Details>
				<Level>3</Level>
				<Flat-Location>10</Flat-Location>
				<Top-Storey>Y</Top-Storey>
				<Heat-Loss-Corridor>2</Heat-Loss-Corridor>
				<Unheated-Corridor-Length quantity="metres">10.000000</Unheated-Corridor-Length>
			</SAP-Flat-Details>
			<SAP-Building-Parts>
				<SAP-Building-Part>
					<Building-Part-Number>1</Building-Part-Number>
					<Identifier>Main Dwelling</Identifier>
					<Construction-Age-Band>D</Construction-Age-Band>
					<SAP-Floor-Dimensions>
						<SAP-Floor-Dimension>
							<Floor>0</Floor>
							<Floor-Construction>3</Floor-Construction>
							<Floor-Insulation>1</Floor-Insulation>
							<Heat-Loss-Perimeter quantity="metres">16</Heat-Loss-Perimeter>
							<Party-Wall-Length quantity="metres">11</Party-Wall-Length>
							<Total-Floor-Area quantity="square metres">43</Total-Floor-Area>
							<Room-Height quantity="metres">2.2</Room-Height>
						</SAP-Floor-Dimension>
					</SAP-Floor-Dimensions>
					<Floor-Heat-Loss>6</Floor-Heat-Loss>
					<Roof-Construction>1</Roof-Construction>
					<Roof-Insulation-Location>6</Roof-Insulation-Location>
					<Flat-Roof-Insulation-Thickness>NI</Flat-Roof-Insulation-Thickness>
					<Wall-Construction>8</Wall-Construction>
					<Wall-Insulation-Type>1</Wall-Insulation-Type>
					<Wall-Thickness-Measured>Y</Wall-Thickness-Measured>
					<Wall-Thickness>670</Wall-Thickness>
					<Wall-Dry-Lined>N</Wall-Dry-Lined>
					<Wall-Insulation-Thickness>100mm</Wall-Insulation-Thickness>
					<Party-Wall-Construction>0</Party-Wall-Construction>
					<SAP-Alternative-Wall>
						<Wall-Construction>8</Wall-Construction>
						<Wall-Insulation-Type>1</Wall-Insulation-Type>
						<Wall-Area>15.000000</Wall-Area>
						<Wall-Thickness-Measured>Y</Wall-Thickness-Measured>
						<Wall-Thickness>420</Wall-Thickness>
						<Wall-Insulation-Thickness>50mm</Wall-Insulation-Thickness>
						<Wall-Dry-Lined>N</Wall-Dry-Lined>
						<Sheltered-Wall>Y</Sheltered-Wall>
					</SAP-Alternative-Wall>
				</SAP-Building-Part>
			</SAP-Building-Parts>
			<SAP-Heating>
				<Main-Heating-Details>
					<Main-Heating>
						<Main-Heating-Number>1</Main-Heating-Number>
						<Main-Heating-Category>2</Main-Heating-Category>
						<Main-Fuel-Type>26</Main-Fuel-Type>
						<Main-Heating-Control>2106</Main-Heating-Control>
						<Main-Heating-Data-Source>2</Main-Heating-Data-Source>
						<SAP-Main-Heating-Code>104</SAP-Main-Heating-Code>
						<Boiler-Flue-Type>2</Boiler-Flue-Type>
						<Fan-Flue-Present>Y</Fan-Flue-Present>
						<Heat-Emitter-Type>1</Heat-Emitter-Type>
						<Main-Heating-Fraction>1</Main-Heating-Fraction>
						<Has-FGHRS>N</Has-FGHRS>
						<Emitter-Temperature>0</Emitter-Temperature>
						<Central-Heating-Pump-Age>0</Central-Heating-Pump-Age>
					</Main-Heating>
				</Main-Heating-Details>
				<Water-Heating-Code>901</Water-Heating-Code>
				<Water-Heating-Fuel>26</Water-Heating-Fuel>
				<Immersion-Heating-Type>NA</Immersion-Heating-Type>
				<Cylinder-Size>1</Cylinder-Size>
				<Has-Fixed-Air-Conditioning>false</Has-Fixed-Air-Conditioning>
				<Instantaneous-WWHRS>
					<Rooms-With-Bath-And-Or-Shower>1</Rooms-With-Bath-And-Or-Shower>
					<Rooms-With-Mixer-Shower-No-Bath>0</Rooms-With-Mixer-Shower-No-Bath>
					<Rooms-With-Bath-And-Mixer-Shower>0</Rooms-With-Bath-And-Mixer-Shower>
				</Instantaneous-WWHRS>
			</SAP-Heating>
			<SAP-Energy-Source>
				<Meter-Type>2</Meter-Type>
				<Mains-Gas>Y</Mains-Gas>
				<Wind-Turbines-Count>0</Wind-Turbines-Count>
				<Wind-Turbines-Terrain-Type>2</Wind-Turbines-Terrain-Type>
				<Photovoltaic-Supply>
					<None-Or-No-Details>
						<Percent-Roof-Area>0</Percent-Roof-Area>
						<PV-Connection>0</PV-Connection>
					</None-Or-No-Details>
				</Photovoltaic-Supply>
			</SAP-Energy-Source>
		</SAP-Property-Details>
	</SAP-Data>
	<Insurance-Details xmlns="http://www.epcregister.com/xsd/rdsap">
		<Insurer>Enterprise</Insurer>
		<Effective-Date>2017-04-03</Effective-Date>
		<Expiry-Date>2019-04-08</Expiry-Date>
		<PI-Limit>250000.0000</PI-Limit>
		<Policy-No>B1993APCB150215-ECMK</Policy-No>
	</Insurance-Details>
</RdSAP-Report>