<RdSAP-Report xmlns:xsi="http://www.w3.org/2001/XMLSchema-instance" xsi:schemaLocation="http://www.epbniregister.com/xsd/rdsap https://uat.epbniregister.com/xsd/RdSAP/Templates/RdSAP-Report.xsd" xmlns="http://www.epbniregister.com/xsd/rdsap">
  <Schema-Version-Original>LIG-18.0</Schema-Version-Original>
  <SAP-Version>9.93</SAP-Version>
  <PCDF-Revision-Number>426</PCDF-Revision-Number>
  <ExternalDefinitions-Revision-Number>6.0</ExternalDefinitions-Revision-Number>
  <Calculation-Software-Name>Elmhurst Energy Systems RdSAP Calculator</Calculation-Software-Name>
  <Calculation-Software-Version>3.06r03</Calculation-Software-Version>
  <User-Interface-Name>Elmhurst Energy Systems RdSAP</User-Interface-Name>
  <User-Interface-Version>3.06r03</User-Interface-Version>
  <Report-Header>
    <RRN>7109-0094-0233-6258-9944</RRN>
    <Inspection-Date>2018-07-30</Inspection-Date>
    <Report-Type>2</Report-Type>
    <Completion-Date>2018-07-31</Completion-Date>
    <Registration-Date>2018-07-31</Registration-Date>
    <Status>entered</Status>
    <Language-Code>1</Language-Code>
    <Tenure>1</Tenure>
    <Transaction-Type>1</Transaction-Type>
    <Property-Type>1</Property-Type>
    <Energy-Assessor>
      <Name>Mr. Accredited RDSAP</Name>
      <Notify-Lodgement>Y</Notify-Lodgement>
      <Contact-Address>
        <Address-Line-1>Testing House 789 Test Street</Address-Line-1>
        <Address-Line-2>Testingham</Address-Line-2>
        <Address-Line-3>Testingshire</Address-Line-3>
        <Post-Town>Testingville</Post-Town>
        <Postcode>LD3 0AA</Postcode>
      </Contact-Address>
      <Web-Site>xxx.bla.bla.com</Web-Site>
      <E-Mail>testteam.published@elmhurstenergy.co.uk</E-Mail>
      <Fax>08700 123123</Fax>
      <Telephone>123</Telephone>
      <Company-Name>Test Team Customer</Company-Name>
      <Scheme-Name>Elmhurst Energy Systems Ltd</Scheme-Name>
      <Scheme-Web-Site>www.elmhurstenergy.co.uk</Scheme-Web-Site>
      <Identification-Number>
        <Certificate-Number>EES/090001</Certificate-Number>
      </Identification-Number>
    </Energy-Assessor>
    <Property>
      <Address>
        <Address-Line-1>8, Linfield Gardens</Address-Line-1>
        <Address-Line-2></Address-Line-2>
        <Address-Line-3></Address-Line-3>
        <Post-Town>BELFAST</Post-Town>
        <Postcode>BT12 5DE</Postcode>
      </Address>
      <UPRN>0439495609</UPRN>
    </Property>
    <Region-Code>10</Region-Code>
    <Country-Code>NIR</Country-Code>
    <Related-Party-Disclosure>
      <Related-Party-Disclosure-Number>1</Related-Party-Disclosure-Number>
    </Related-Party-Disclosure>
  </Report-Header>
  <Energy-Assessment>
    <Property-Summary>
      <Wall>
        <Description>Granite or whinstone, with external insulation</Description>
        <Energy-Efficiency-Rating>4</Energy-Efficiency-Rating>
        <Environmental-Efficiency-Rating>4</Environmental-Efficiency-Rating>
      </Wall>
      <Roof>
        <Description>Pitched, 50 mm loft insulation</Description>
        <Energy-Efficiency-Rating>2</Energy-Efficiency-Rating>
        <Environmental-Efficiency-Rating>2</Environmental-Efficiency-Rating>
      </Roof>
      <Floor>
        <Description>Solid, no insulation (assumed)</Description>
        <Energy-Efficiency-Rating>0</Energy-Efficiency-Rating>
        <Environmental-Efficiency-Rating>0</Environmental-Efficiency-Rating>
      </Floor>
      <Window>
        <Description>Single glazed</Description>
        <Energy-Efficiency-Rating>1</Energy-Efficiency-Rating>
        <Environmental-Efficiency-Rating>1</Environmental-Efficiency-Rating>
      </Window>
      <Main-Heating>
        <Description>Boiler and radiators, mains gas</Description>
        <Energy-Efficiency-Rating>4</Energy-Efficiency-Rating>
        <Environmental-Efficiency-Rating>4</Environmental-Efficiency-Rating>
      </Main-Heating>
      <Main-Heating-Controls>
        <Description>Programmer, room thermostat and TRVs</Description>
        <Energy-Efficiency-Rating>4</Energy-Efficiency-Rating>
        <Environmental-Efficiency-Rating>4</Environmental-Efficiency-Rating>
      </Main-Heating-Controls>
      <Hot-Water>
        <Description>From main system, no cylinder thermostat</Description>
        <Energy-Efficiency-Rating>2</Energy-Efficiency-Rating>
        <Environmental-Efficiency-Rating>2</Environmental-Efficiency-Rating>
      </Hot-Water>
      <Lighting>
        <Description>No low energy lighting</Description>
        <Energy-Efficiency-Rating>1</Energy-Efficiency-Rating>
        <Environmental-Efficiency-Rating>1</Environmental-Efficiency-Rating>
      </Lighting>
      <Secondary-Heating>
        <Description>Portable electric heaters (assumed)</Description>
        <Energy-Efficiency-Rating>0</Energy-Efficiency-Rating>
        <Environmental-Efficiency-Rating>0</Environmental-Efficiency-Rating>
      </Secondary-Heating>
      <Has-Hot-Water-Cylinder>true</Has-Hot-Water-Cylinder>
      <Has-Heated-Separate-Conservatory>false</Has-Heated-Separate-Conservatory>
      <Dwelling-Type>Detached bungalow</Dwelling-Type>
      <Total-Floor-Area>40</Total-Floor-Area>
      <Has-Fixed-Air-Conditioning>false</Has-Fixed-Air-Conditioning>
      <Multiple-Glazed-Proportion>0</Multiple-Glazed-Proportion>
    </Property-Summary>
    <Energy-Use>
      <Energy-Rating-Average>60</Energy-Rating-Average>
      <Energy-Rating-Current>44</Energy-Rating-Current>
      <Energy-Rating-Potential>71</Energy-Rating-Potential>
      <Environmental-Impact-Current>41</Environmental-Impact-Current>
      <Environmental-Impact-Potential>72</Environmental-Impact-Potential>
      <Energy-Consumption-Current>562</Energy-Consumption-Current>
      <Energy-Consumption-Potential>246</Energy-Consumption-Potential>
      <CO2-Emissions-Current>4.0</CO2-Emissions-Current>
      <CO2-Emissions-Potential>1.7</CO2-Emissions-Potential>
      <CO2-Emissions-Current-Per-Floor-Area>99</CO2-Emissions-Current-Per-Floor-Area>
      <Lighting-Cost-Current currency="GBP">62</Lighting-Cost-Current>
      <Lighting-Cost-Potential currency="GBP">31</Lighting-Cost-Potential>
      <Heating-Cost-Current currency="GBP">475</Heating-Cost-Current>
      <Heating-Cost-Potential currency="GBP">318</Heating-Cost-Potential>
      <Hot-Water-Cost-Current currency="GBP">349</Hot-Water-Cost-Current>
      <Hot-Water-Cost-Potential currency="GBP">84</Hot-Water-Cost-Potential>
    </Energy-Use>
    <Suggested-Improvements>
      <Improvement>
        <Sequence>1</Sequence>
        <Improvement-Category>1</Improvement-Category>
        <Improvement-Type>A</Improvement-Type>
        <Improvement-Details>
          <Improvement-Number>5</Improvement-Number>
        </Improvement-Details>
        <Typical-Saving currency="GBP">59</Typical-Saving>
        <Indicative-Cost>£100 - £350</Indicative-Cost>
        <Energy-Performance-Rating>47</Energy-Performance-Rating>
        <Environmental-Impact-Rating>44</Environmental-Impact-Rating>
      </Improvement>
      <Improvement>
        <Sequence>2</Sequence>
        <Improvement-Category>1</Improvement-Category>
        <Improvement-Type>E</Improvement-Type>
        <Improvement-Details>
          <Improvement-Number>35</Improvement-Number>
        </Improvement-Details>
        <Typical-Saving currency="GBP">26</Typical-Saving>
        <Indicative-Cost>£60</Indicative-Cost>
        <Energy-Performance-Rating>49</Energy-Performance-Rating>
        <Environmental-Impact-Rating>45</Environmental-Impact-Rating>
      </Improvement>
      <Improvement>
        <Sequence>3</Sequence>
        <Improvement-Category>2</Improvement-Category>
        <Improvement-Type>X</Improvement-Type>
        <Improvement-Details>
          <Improvement-Number>48</Improvement-Number>
        </Improvement-Details>
        <Typical-Saving currency="GBP">16</Typical-Saving>
        <Indicative-Cost>£1,000</Indicative-Cost>
        <Energy-Performance-Rating>50</Energy-Performance-Rating>
        <Environmental-Impact-Rating>46</Environmental-Impact-Rating>
      </Improvement>
      <Improvement>
        <Sequence>4</Sequence>
        <Improvement-Category>2</Improvement-Category>
        <Improvement-Type>Y</Improvement-Type>
        <Improvement-Details>
          <Improvement-Number>49</Improvement-Number>
        </Improvement-Details>
        <Typical-Saving currency="GBP">15</Typical-Saving>
        <Indicative-Cost>£585 - £725</Indicative-Cost>
        <Energy-Performance-Rating>51</Energy-Performance-Rating>
        <Environmental-Impact-Rating>47</Environmental-Impact-Rating>
      </Improvement>
      <Improvement>
        <Sequence>5</Sequence>
        <Improvement-Category>2</Improvement-Category>
        <Improvement-Type>I</Improvement-Type>
        <Improvement-Details>
          <Improvement-Number>20</Improvement-Number>
        </Improvement-Details>
        <Typical-Saving currency="GBP">336</Typical-Saving>
        <Indicative-Cost>£2,200 - £3,000</Indicative-Cost>
        <Energy-Performance-Rating>71</Energy-Performance-Rating>
        <Environmental-Impact-Rating>72</Environmental-Impact-Rating>
      </Improvement>
      <Improvement>
        <Sequence>6</Sequence>
        <Improvement-Category>3</Improvement-Category>
        <Improvement-Type>W2</Improvement-Type>
        <Improvement-Details>
          <Improvement-Number>58</Improvement-Number>
        </Improvement-Details>
        <Typical-Saving currency="GBP">29</Typical-Saving>
        <Indicative-Cost>£4,000 - £6,000</Indicative-Cost>
        <Energy-Performance-Rating>73</Energy-Performance-Rating>
        <Environmental-Impact-Rating>74</Environmental-Impact-Rating>
      </Improvement>
      <Improvement>
        <Sequence>7</Sequence>
        <Improvement-Category>3</Improvement-Category>
        <Improvement-Type>N</Improvement-Type>
        <Improvement-Details>
          <Improvement-Number>19</Improvement-Number>
        </Improvement-Details>
        <Typical-Saving currency="GBP">28</Typical-Saving>
        <Indicative-Cost>£4,000 - £6,000</Indicative-Cost>
        <Energy-Performance-Rating>74</Energy-Performance-Rating>
        <Environmental-Impact-Rating>77</Environmental-Impact-Rating>
      </Improvement>
      <Improvement>
        <Sequence>8</Sequence>
        <Improvement-Category>3</Improvement-Category>
        <Improvement-Type>O</Improvement-Type>
        <Improvement-Details>
          <Improvement-Number>8</Improvement-Number>
        </Improvement-Details>
        <Typical-Saving currency="GBP">44</Typical-Saving>
        <Indicative-Cost>£3,300 - £6,500</Indicative-Cost>
        <Energy-Performance-Rating>77</Energy-Performance-Rating>
        <Environmental-Impact-Rating>81</Environmental-Impact-Rating>
      </Improvement>
      <Improvement>
        <Sequence>9</Sequence>
        <Improvement-Category>3</Improvement-Category>
        <Improvement-Type>U</Improvement-Type>
        <Improvement-Details>
          <Improvement-Number>34</Improvement-Number>
        </Improvement-Details>
        <Typical-Saving currency="GBP">278</Typical-Saving>
        <Indicative-Cost>£5,000 - £8,000</Indicative-Cost>
        <Energy-Performance-Rating>93</Energy-Performance-Rating>
        <Environmental-Impact-Rating>95</Environmental-Impact-Rating>
      </Improvement>
    </Suggested-Improvements>
  </Energy-Assessment>
  <SAP-Data>
    <SAP-Property-Details>
      <Property-Type>1</Property-Type>
      <Built-Form>1</Built-Form>
      <Extensions-Count>0</Extensions-Count>
      <Multiple-Glazed-Proportion>0</Multiple-Glazed-Proportion>
      <Multiple-Glazing-Type>ND</Multiple-Glazing-Type>
      <Glazed-Area>1</Glazed-Area>
      <Door-Count>2</Door-Count>
      <Insulated-Door-Count>0</Insulated-Door-Count>
      <Percent-Draughtproofed>100</Percent-Draughtproofed>
      <Habitable-Room-Count>5</Habitable-Room-Count>
      <Heated-Room-Count>4</Heated-Room-Count>
      <Fixed-Lighting-Outlets-Count>12</Fixed-Lighting-Outlets-Count>
      <Low-Energy-Fixed-Lighting-Outlets-Count>0</Low-Energy-Fixed-Lighting-Outlets-Count>
      <Low-Energy-Lighting>0</Low-Energy-Lighting>
      <Measurement-Type>1</Measurement-Type>
      <Mechanical-Ventilation>0</Mechanical-Ventilation>
      <Open-Fireplaces-Count>0</Open-Fireplaces-Count>
      <Solar-Water-Heating>N</Solar-Water-Heating>
      <Conservatory-Type>1</Conservatory-Type>
      <SAP-Building-Parts>
        <SAP-Building-Part>
          <Building-Part-Number>1</Building-Part-Number>
          <Identifier>Main Dwelling</Identifier>
          <Construction-Age-Band>F</Construction-Age-Band>
          <SAP-Floor-Dimensions>
            <SAP-Floor-Dimension>
              <Floor>0</Floor>
              <Floor-Construction>1</Floor-Construction>
              <Floor-Insulation>1</Floor-Insulation>
              <Heat-Loss-Perimeter quantity="metres">20</Heat-Loss-Perimeter>
              <Party-Wall-Length quantity="metres">0</Party-Wall-Length>
              <Total-Floor-Area quantity="square metres">40</Total-Floor-Area>
              <Room-Height quantity="metres">2.4</Room-Height>
            </SAP-Floor-Dimension>
          </SAP-Floor-Dimensions>
          <Floor-Insulation-Thickness>NI</Floor-Insulation-Thickness>
          <Floor-Heat-Loss>7</Floor-Heat-Loss>
          <Roof-Construction>4</Roof-Construction>
          <Roof-Insulation-Location>2</Roof-Insulation-Location>
          <Roof-Insulation-Thickness>50mm</Roof-Insulation-Thickness>
          <Wall-Construction>1</Wall-Construction>
          <Wall-Insulation-Type>1</Wall-Insulation-Type>
          <Wall-Thickness-Measured>N</Wall-Thickness-Measured>
          <Wall-Dry-Lined>N</Wall-Dry-Lined>
          <Wall-Insulation-Thickness>50mm</Wall-Insulation-Thickness>
          <Party-Wall-Construction>NA</Party-Wall-Construction>
        </SAP-Building-Part>
      </SAP-Building-Parts>
      <SAP-Heating>
        <Main-Heating-Details>
          <Main-Heating>
            <Main-Heating-Number>1</Main-Heating-Number>
            <Main-Heating-Category>2</Main-Heating-Category>
            <Main-Fuel-Type>26</Main-Fuel-Type>
            <Main-Heating-Control>2106</Main-Heating-Control>
            <Main-Heating-Data-Source>1</Main-Heating-Data-Source>
            <Main-Heating-Index-Number>000115</Main-Heating-Index-Number>
            <Boiler-Flue-Type>1</Boiler-Flue-Type>
            <Fan-Flue-Present>N</Fan-Flue-Present>
            <Heat-Emitter-Type>1</Heat-Emitter-Type>
            <Main-Heating-Fraction>1</Main-Heating-Fraction>
            <Has-FGHRS>N</Has-FGHRS>
            <Emitter-Temperature>NA</Emitter-Temperature>
            <Central-Heating-Pump-Age>0</Central-Heating-Pump-Age>
          </Main-Heating>
        </Main-Heating-Details>
        <Water-Heating-Code>901</Water-Heating-Code>
        <Water-Heating-Fuel>26</Water-Heating-Fuel>
        <Immersion-Heating-Type>NA</Immersion-Heating-Type>
        <Cylinder-Size>0</Cylinder-Size>
        <Has-Fixed-Air-Conditioning>false</Has-Fixed-Air-Conditioning>
        <Instantaneous-WWHRS>
          <Rooms-With-Bath-And-Or-Shower>2</Rooms-With-Bath-And-Or-Shower>
          <Rooms-With-Mixer-Shower-No-Bath>1</Rooms-With-Mixer-Shower-No-Bath>
          <Rooms-With-Bath-And-Mixer-Shower>1</Rooms-With-Bath-And-Mixer-Shower>
        </Instantaneous-WWHRS>
      </SAP-Heating>
      <SAP-Energy-Source>
        <Meter-Type>2</Meter-Type>
        <Mains-Gas>Y</Mains-Gas>
        <Wind-Turbines-Count>0</Wind-Turbines-Count>
        <Wind-Turbines-Terrain-Type>1</Wind-Turbines-Terrain-Type>
        <Photovoltaic-Supply>
          <None-Or-No-Details>
            <Percent-Roof-Area>0</Percent-Roof-Area>
            <PV-Connection>0</PV-Connection>
          </None-Or-No-Details>
        </Photovoltaic-Supply>
      </SAP-Energy-Source>
    </SAP-Property-Details>
  </SAP-Data>
  <Insurance-Details>
    <Insurer>Lloyds of London</Insurer>
    <Policy-No>PIP15001599</Policy-No>
    <Effective-Date>2015-07-01</Effective-Date>
    <Expiry-Date>2016-06-30</Expiry-Date>
    <PI-Limit>5000000</PI-Limit>
  </Insurance-Details>
</RdSAP-Report>