﻿<?xml version="1.0" encoding="utf-8"?>
<SAP-Report xmlns:xsi="http://www.w3.org/2001/XMLSchema-instance" xsi:schemaLocation="http://www.epbniregister.com/xsd/sap https://uat.epbniregister.com/xsd/SAP/Templates/SAP-Report.xsd" xmlns="http://www.epbniregister.com/xsd/sap">
  <SAP-Version>9.90</SAP-Version>
  <SAP-Data-Version>9.81</SAP-Data-Version>
  <BEDF-Revision-Number>426</BEDF-Revision-Number>
  <Calculation-Software-Name>Elmhurst Energy Systems Design SAP 2009</Calculation-Software-Name>
  <Calculation-Software-Version>1.21r03</Calculation-Software-Version>
  <Report-Header>
    <RRN>0066-3955-0243-9928-5675</RRN>
    <Inspection-Date>2018-04-25</Inspection-Date>
    <Report-Type>3</Report-Type>
    <Completion-Date>2018-04-25</Completion-Date>
    <Registration-Date>2018-04-25</Registration-Date>
    <Status>entered</Status>
    <Language-Code>1</Language-Code>
    <Restricted-Access>0</Restricted-Access>
    <Transaction-Type>6</Transaction-Type>
    <Tenure>ND</Tenure>
    <Seller-Commission-Report>Y</Seller-Commission-Report>
    <Property-Type>2</Property-Type>
    <Home-Inspector>
      <Certification-Scheme>
        <Scheme-Name>Elmhurst Energy Systems Ltd</Scheme-Name>
        <Complaints-Address>
          <Address-Line-1>Mars OP - House</Address-Line-1>
          <Address-Line-2>OP - Locality</Address-Line-2>
          <Address-Line-3>OP - County</Address-Line-3>
          <Post-Town>OP - Town</Post-Town>
          <Postcode>OP99 9OP</Postcode>
        </Complaints-Address>
        <Contact-Address>
          <Address-Line-1>123 Street</Address-Line-1>
          <Address-Line-2>Locality</Address-Line-2>
          <Address-Line-3>County</Address-Line-3>
          <Post-Town>Town</Post-Town>
          <Postcode>LE17 4HB</Postcode>
        </Contact-Address>
        <Web-Site>www.elmhurstenergy.co.uk</Web-Site>
        <E-Mail>enquiries@elmhurstenergy.co.uk</E-Mail>
        <Fax>08700 333333</Fax>
        <Telephone>08700 1111111</Telephone>
        <Registered-Name>New Build Domestic Energy Assessor</Registered-Name>
      </Certification-Scheme>
      <Identification-Number>
        <Certificate-Number>EES/090010</Certificate-Number>
      </Identification-Number>
      <Name>
        <Prefix>Mr.</Prefix>
        <First-Name>New</First-Name>
        <Surname>Build</Surname>
        <Suffix />
      </Name>
      <Certification-Date>2009-01-09</Certification-Date>
      <Status>Registered</Status>
      <Notify-Lodgement>Y</Notify-Lodgement>
      <Contact-Address>
        <Address-Line-1>Mars OP - House</Address-Line-1>
        <Address-Line-2>OP - Locality</Address-Line-2>
        <Address-Line-3>OP - County</Address-Line-3>
        <Post-Town>OP - Town</Post-Town>
        <Postcode>OP99 9OP</Postcode>
      </Contact-Address>
      <E-Mail>testteam.3rdparty-mars@elmhurstenergy.co.uk</E-Mail>
      <Telephone>0788888888-6277</Telephone>
      <Qualifications />
      <Specialisms />
      <Company-Name>Mars Ltd</Company-Name>
      <Inspector-Report-Types>
        <Report-Type>3</Report-Type>
      </Inspector-Report-Types>
    </Home-Inspector>
    <Property>
      <Address>
        <Address-Line-1>1, Bantry Street</Address-Line-1>
        <Address-Line-2></Address-Line-2>
        <Address-Line-3></Address-Line-3>
        <Post-Town>BELFAST</Post-Town>
        <Postcode>BT13 2RT</Postcode>
      </Address>
      <UPRN>0632695609</UPRN>
    </Property>
    <Region-Code>10</Region-Code>
    <Country-Code>NIR</Country-Code>
    <Related-Party-Disclosure>
      <Related-Party-Disclosure-Number>1</Related-Party-Disclosure-Number>
    </Related-Party-Disclosure>
  </Report-Header>
  <Energy-Assessment>
    <Assessment-Date>2018-04-25</Assessment-Date>
    <Property-Summary>
      <Walls>
        <Description>Average thermal transmittance 0.21 W/m²K</Description>
        <Energy-Efficiency-Rating>5</Energy-Efficiency-Rating>
        <Environmental-Efficiency-Rating>5</Environmental-Efficiency-Rating>
      </Walls>
      <Roof>
        <Description>Average thermal transmittance 0.15 W/m²K</Description>
        <Energy-Efficiency-Rating>4</Energy-Efficiency-Rating>
        <Environmental-Efficiency-Rating>4</Environmental-Efficiency-Rating>
      </Roof>
      <Floor>
        <Description>(other premises below)</Description>
        <Energy-Efficiency-Rating>0</Energy-Efficiency-Rating>
        <Environmental-Efficiency-Rating>0</Environmental-Efficiency-Rating>
      </Floor>
      <Windows>
        <Description>High performance glazing</Description>
        <Energy-Efficiency-Rating>5</Energy-Efficiency-Rating>
        <Environmental-Efficiency-Rating>5</Environmental-Efficiency-Rating>
      </Windows>
      <Main-Heating>
        <Description>Air source heat pump, radiators, electric</Description>
        <Energy-Efficiency-Rating>2</Energy-Efficiency-Rating>
        <Environmental-Efficiency-Rating>4</Environmental-Efficiency-Rating>
      </Main-Heating>
      <Main-Heating-Controls>
        <Description>Programmer and at least two room thermostats</Description>
        <Energy-Efficiency-Rating>4</Energy-Efficiency-Rating>
        <Environmental-Efficiency-Rating>4</Environmental-Efficiency-Rating>
      </Main-Heating-Controls>
      <Secondary-Heating>
        <Description>Room heaters, electric</Description>
        <Energy-Efficiency-Rating>0</Energy-Efficiency-Rating>
        <Environmental-Efficiency-Rating>0</Environmental-Efficiency-Rating>
      </Secondary-Heating>
      <Hot-Water>
        <Description>From main system</Description>
        <Energy-Efficiency-Rating>3</Energy-Efficiency-Rating>
        <Environmental-Efficiency-Rating>4</Environmental-Efficiency-Rating>
      </Hot-Water>
      <Lighting>
        <Description>Low energy lighting in 50% of fixed outlets</Description>
        <Energy-Efficiency-Rating>4</Energy-Efficiency-Rating>
        <Environmental-Efficiency-Rating>4</Environmental-Efficiency-Rating>
      </Lighting>
      <Air-Tightness>
        <Description>Air permeability 5.0 m³/h.m² (as tested)</Description>
        <Energy-Efficiency-Rating>4</Energy-Efficiency-Rating>
        <Environmental-Efficiency-Rating>4</Environmental-Efficiency-Rating>
      </Air-Tightness>
      <Has-Fixed-Air-Conditioning>false</Has-Fixed-Air-Conditioning>
      <Has-Hot-Water-Cylinder>true</Has-Hot-Water-Cylinder>
      <Has-Heated-Separate-Conservatory>false</Has-Heated-Separate-Conservatory>
      <Dwelling-Type>Top-floor flat</Dwelling-Type>
      <Total-Floor-Area>72</Total-Floor-Area>
    </Property-Summary>
    <Energy-Use>
      <Energy-Rating-Average>57</Energy-Rating-Average>
      <Energy-Rating-Typical-Newbuild>81</Energy-Rating-Typical-Newbuild>
      <Energy-Rating-Current>84</Energy-Rating-Current>
      <Energy-Rating-Potential>84</Energy-Rating-Potential>
      <Environmental-Impact-Current>86</Environmental-Impact-Current>
      <Environmental-Impact-Potential>87</Environmental-Impact-Potential>
      <Energy-Consumption-Current>95</Energy-Consumption-Current>
      <Energy-Consumption-Potential>91</Energy-Consumption-Potential>
      <CO2-Emissions-Current>1.2</CO2-Emissions-Current>
      <CO2-Emissions-Potential>1.1</CO2-Emissions-Potential>
      <CO2-Emissions-Current-Per-Floor-Area>17</CO2-Emissions-Current-Per-Floor-Area>
      <Lighting-Cost-Current>84</Lighting-Cost-Current>
      <Lighting-Cost-Potential>56</Lighting-Cost-Potential>
      <Heating-Cost-Current>254</Heating-Cost-Current>
      <Heating-Cost-Potential>263</Heating-Cost-Potential>
      <Hot-Water-Cost-Current>190</Hot-Water-Cost-Current>
      <Hot-Water-Cost-Potential>190</Hot-Water-Cost-Potential>
    </Energy-Use>
    <Suggested-Improvements>
      <Improvement>
        <Sequence>1</Sequence>
        <Improvement-Category>1</Improvement-Category>
        <Improvement-Type>E</Improvement-Type>
        <Improvement-Details>
          <Improvement-Number>35</Improvement-Number>
        </Improvement-Details>
        <Typical-Saving>19</Typical-Saving>
        <Indicative-Cost>£15</Indicative-Cost>
        <Energy-Performance-Rating>84</Energy-Performance-Rating>
        <Environmental-Impact-Rating>87</Environmental-Impact-Rating>
      </Improvement>
    </Suggested-Improvements>
    <LZC-Energy-Sources>
      <LZC-Energy-Source>9</LZC-Energy-Source>
    </LZC-Energy-Sources>
  </Energy-Assessment>
  <SAP09-Data>
    <Data-Type>2</Data-Type>
    <Schema-Version>LIG-17.3</Schema-Version>
    <SAP-Property-Details>
      <Property-Type>2</Property-Type>
      <Built-Form>3</Built-Form>
      <Living-Area>15.94</Living-Area>
      <Orientation>7</Orientation>
      <Conservatory-Type>1</Conservatory-Type>
      <SAP-Special-Features>
        <SAP-Special-Feature>
          <Description>NIBE 205</Description>
          <Energy-Saved-Or-Generated>747</Energy-Saved-Or-Generated>
          <Saved-Or-Generated-Fuel>39</Saved-Or-Generated-Fuel>
          <Energy-Used>0</Energy-Used>
        </SAP-Special-Feature>
      </SAP-Special-Features>
      <Is-In-Smoke-Control-Area>unknown</Is-In-Smoke-Control-Area>
      <SAP-Flat-Details>
        <Level>3</Level>
      </SAP-Flat-Details>
      <SAP-Opening-Types>
        <SAP-Opening-Type>
          <Name>.</Name>
          <Description></Description>
          <Data-Source>2</Data-Source>
          <Type>2</Type>
          <Glazing-Type>7</Glazing-Type>
          <U-Value>2</U-Value>
        </SAP-Opening-Type>
        <SAP-Opening-Type>
          <Name>.</Name>
          <Description></Description>
          <Data-Source>2</Data-Source>
          <Type>4</Type>
          <Glazing-Type>7</Glazing-Type>
          <Solar-Transmittance>0.63</Solar-Transmittance>
          <Frame-Factor>0.7</Frame-Factor>
          <U-Value>1.2</U-Value>
        </SAP-Opening-Type>
      </SAP-Opening-Types>
      <SAP-Building-Parts>
        <SAP-Building-Part>
          <Building-Part-Number>1</Building-Part-Number>
          <Identifier>Main Dwelling</Identifier>
          <Construction-Year>2013</Construction-Year>
          <Overshading>2</Overshading>
          <SAP-Openings>
            <SAP-Opening>
              <Name>.</Name>
              <Type>.</Type>
              <Location>Walls (1)</Location>
              <Orientation>0</Orientation>
              <Width>2.14</Width>
              <Height>1</Height>
            </SAP-Opening>
            <SAP-Opening>
              <Name>.</Name>
              <Type>.</Type>
              <Location>Walls (1)</Location>
              <Orientation>1</Orientation>
              <Width>7.98</Width>
              <Height>1</Height>
            </SAP-Opening>
            <SAP-Opening>
              <Name>.</Name>
              <Type>.</Type>
              <Location>Walls (1)</Location>
              <Orientation>5</Orientation>
              <Width>4</Width>
              <Height>1</Height>
            </SAP-Opening>
            <SAP-Opening>
              <Name>.</Name>
              <Type>.</Type>
              <Location>Walls (1)</Location>
              <Orientation>3</Orientation>
              <Width>2.01</Width>
              <Height>1</Height>
            </SAP-Opening>
            <SAP-Opening>
              <Name>.</Name>
              <Type>.</Type>
              <Location>Walls (1)</Location>
              <Orientation>7</Orientation>
              <Width>2.14</Width>
              <Height>1</Height>
            </SAP-Opening>
          </SAP-Openings>
          <SAP-Floor-Dimensions>
            <SAP-Floor-Dimension>
              <Storey>1</Storey>
              <Description></Description>
              <Floor-Type>2</Floor-Type>
              <Total-Floor-Area>71.56</Total-Floor-Area>
              <Storey-Height>2.38</Storey-Height>
              <Heat-Loss-Area>71.56</Heat-Loss-Area>
              <U-Value>0</U-Value>
            </SAP-Floor-Dimension>
          </SAP-Floor-Dimensions>
          <SAP-Roofs>
            <SAP-Roof>
              <Name>Roof (1)</Name>
              <Description></Description>
              <Roof-Type>2</Roof-Type>
              <Total-Roof-Area>71.56</Total-Roof-Area>
              <U-Value>0.15</U-Value>
            </SAP-Roof>
          </SAP-Roofs>
          <SAP-Walls>
            <SAP-Wall>
              <Name>Walls (1)</Name>
              <Description></Description>
              <Wall-Type>2</Wall-Type>
              <Total-Wall-Area>69.5674</Total-Wall-Area>
              <U-Value>0.21</U-Value>
              <Is-Curtain-Walling>false</Is-Curtain-Walling>
            </SAP-Wall>
          </SAP-Walls>
          <SAP-Thermal-Bridges>
            <Thermal-Bridge-Code>4</Thermal-Bridge-Code>
            <User-Defined-Y-Value>0.08</User-Defined-Y-Value>
            <Calculation-Reference>2006 regulations</Calculation-Reference>
          </SAP-Thermal-Bridges>
          <Thermal-Mass-Parameter>490</Thermal-Mass-Parameter>
        </SAP-Building-Part>
      </SAP-Building-Parts>
      <SAP-Ventilation>
        <Open-Fireplaces-Count>0</Open-Fireplaces-Count>
        <Open-Flues-Count>0</Open-Flues-Count>
        <Extract-Fans-Count>2</Extract-Fans-Count>
        <PSV-Count>0</PSV-Count>
        <Flueless-Gas-Fires-Count>0</Flueless-Gas-Fires-Count>
        <Pressure-Test>1</Pressure-Test>
        <Air-Permeability>5</Air-Permeability>
        <Sheltered-Sides-Count>2</Sheltered-Sides-Count>
        <Ventilation-Type>1</Ventilation-Type>
      </SAP-Ventilation>
      <SAP-Heating>
        <Main-Heating-Details>
          <Main-Heating>
            <Main-Heating-Number>1</Main-Heating-Number>
            <Main-Heating-Category>4</Main-Heating-Category>
            <Main-Heating-Fraction>1</Main-Heating-Fraction>
            <Main-Heating-Data-Source>3</Main-Heating-Data-Source>
            <Main-Heating-Code>204</Main-Heating-Code>
            <Main-Fuel-Type>39</Main-Fuel-Type>
            <Main-Heating-Control>2205</Main-Heating-Control>
            <Heat-Emitter-Type>1</Heat-Emitter-Type>
            <Is-Central-Heating-Pump-In-Heated-Space>true</Is-Central-Heating-Pump-In-Heated-Space>
            <Has-Delayed-Start-Thermostat>false</Has-Delayed-Start-Thermostat>
            <Load-Or-Weather-Compensation>0</Load-Or-Weather-Compensation>
          </Main-Heating>
        </Main-Heating-Details>
        <Secondary-Heating-Category>10</Secondary-Heating-Category>
        <Secondary-Heating-Data-Source>3</Secondary-Heating-Data-Source>
        <Secondary-Fuel-Type>39</Secondary-Fuel-Type>
        <Secondary-Heating-Code>691</Secondary-Heating-Code>
        <Has-Fixed-Air-Conditioning>false</Has-Fixed-Air-Conditioning>
        <Water-Heating-Code>901</Water-Heating-Code>
        <Water-Fuel-Type>39</Water-Fuel-Type>
        <Has-Hot-Water-Cylinder>true</Has-Hot-Water-Cylinder>
        <Is-Heat-Pump-Assisted-By-Immersion>false</Is-Heat-Pump-Assisted-By-Immersion>
        <Thermal-Store>1</Thermal-Store>
        <Hot-Water-Store-Size>240</Hot-Water-Store-Size>
        <Hot-Water-Store-Heat-Loss-Source>2</Hot-Water-Store-Heat-Loss-Source>
        <Hot-Water-Store-Heat-Loss>1.68</Hot-Water-Store-Heat-Loss>
        <Is-Primary-Pipework-Insulated>true</Is-Primary-Pipework-Insulated>
        <Has-Cylinder-Thermostat>true</Has-Cylinder-Thermostat>
        <Is-Cylinder-In-Heated-Space>true</Is-Cylinder-In-Heated-Space>
        <Is-Hot-Water-Separately-Timed>true</Is-Hot-Water-Separately-Timed>
        <Has-Solar-Panel>false</Has-Solar-Panel>
      </SAP-Heating>
      <SAP-Energy-Source>
        <Wind-Turbines-Count>0</Wind-Turbines-Count>
        <Wind-Turbine-Terrain-Type>1</Wind-Turbine-Terrain-Type>
        <Fixed-Lighting-Outlets-Count>6</Fixed-Lighting-Outlets-Count>
        <Low-Energy-Fixed-Lighting-Outlets-Count>3</Low-Energy-Fixed-Lighting-Outlets-Count>
        <Low-Energy-Fixed-Lighting-Outlets-Percentage>50</Low-Energy-Fixed-Lighting-Outlets-Percentage>
        <Electricity-Tariff>2</Electricity-Tariff>
      </SAP-Energy-Source>
    </SAP-Property-Details>
  </SAP09-Data>
  <PDF />
  <ExternalDefinitions-Revision-Number>4.6</ExternalDefinitions-Revision-Number>
</SAP-Report>